<ImportExportXml xmlns:xsi="http://www.w3.org/2001/XMLSchema-instance" OrganizationVersion="9.2.25073.188" OrganizationSchemaType="Full" CRMServerServiceabilityVersion="9.2.25073.00188">
  <Entities>
    <Entity>
      <Name LocalizedName="Case" OriginalName="Case">Incident</Name>
      <EntityInfo>
        <entity Name="Incident">
          <attributes>
            <attribute PhysicalName="krpk_krishpinky_severity">
              <Type>picklist</Type>
              <Name>krpk_krishpinky_severity</Name>
              <LogicalName>krpk_krishpinky_severity</LogicalName>
              <RequiredLevel>none</RequiredLevel>
              <DisplayMask>ValidForAdvancedFind|ValidForForm|ValidForGrid</DisplayMask>
              <ImeMode>auto</ImeMode>
              <ValidForUpdateApi>1</ValidForUpdateApi>
              <ValidForReadApi>1</ValidForReadApi>
              <ValidForCreateApi>1</ValidForCreateApi>
              <IsCustomField>1</IsCustomField>
              <IsAuditEnabled>1</IsAuditEnabled>
              <IsSecured>0</IsSecured>
              <IntroducedVersion>1.0.0.0</IntroducedVersion>
              <IsCustomizable>1</IsCustomizable>
              <IsRenameable>1</IsRenameable>
              <CanModifySearchSettings>1</CanModifySearchSettings>
              <CanModifyRequirementLevelSettings>1</CanModifyRequirementLevelSettings>
              <CanModifyAdditionalSettings>1</CanModifyAdditionalSettings>
              <SourceType>0</SourceType>
              <IsGlobalFilterEnabled>0</IsGlobalFilterEnabled>
              <IsSortableEnabled>0</IsSortableEnabled>
              <CanModifyGlobalFilterSettings>1</CanModifyGlobalFilterSettings>
              <CanModifyIsSortableSettings>1</CanModifyIsSortableSettings>
              <IsDataSourceSecret>0</IsDataSourceSecret>
              <AutoNumberFormat></AutoNumberFormat>
              <IsSearchable>0</IsSearchable>
              <IsFilterable>0</IsFilterable>
              <IsRetrievable>0</IsRetrievable>
              <IsLocalizable>0</IsLocalizable>
              <AppDefaultValue>756820002</AppDefaultValue>
              <OptionSetName>krpk_severity</OptionSetName>
              <displaynames>
                <displayname description="krishpinky_severity" languagecode="1033" />
              </displaynames>
              <Descriptions>
                <Description description="" languagecode="1033" />
              </Descriptions>
            </attribute>
          </attributes>
        </entity>
      </EntityInfo>
      <FormXml>
        <forms type="main">
          <systemform>
            <formid>{f658c846-f74c-459b-b591-b97558958106}</formid>
            <IntroducedVersion>5.0.0.0</IntroducedVersion>
            <FormPresentation>0</FormPresentation>
            <FormActivationState>1</FormActivationState>
            <form enablerelatedinformation="true" headerdensity="HighWithControls" solutionaction="Modified">
              <tabs>
                <tab name="general" verticallayout="true" id="{06a2992a-9cc9-41a5-8f37-d2b2214fdde1}" IsUserDefined="0" ordinalvalue="1" solutionaction="Modified">
                  <columns>
                    <column width="100%" id="0">
                      <sections>
                        <section name="overview" showlabel="true" showbar="true" id="{51999b68-4b4c-439b-bb51-1b49edae03a9}" IsUserDefined="0" ordinalvalue="0">
                          <rows>
                            <row>
                              <cell colspan="2" id="{7aebc69c-c3bb-4489-a1f2-9faf3c8b363c}" ordinalvalue="10000">
                                <labels>
                                  <label description="Case Title" languagecode="1033" solutionaction="Modified" />
                                </labels>
                              </cell>
                            </row>
                            <row>
                              <cell auto="false" showlabel="true" locklevel="0" rowspan="1" colspan="2" id="{82172fc9-a003-4203-87e6-73c8808ae942}" ordinalvalue="10001">
                                <labels>
                                  <label description="Customer" languagecode="1033" solutionaction="Modified" />
                                </labels>
                              </cell>
                            </row>
                            <row>
                              <cell id="{a9859c32-0cdc-41b5-8e7e-3eb173cab4a8}" ordinalvalue="10002">
                                <labels>
                                  <label description="Subject" languagecode="1033" solutionaction="Modified" />
                                </labels>
                              </cell>
                              <cell auto="false" showlabel="true" locklevel="0" rowspan="1" colspan="1" id="{7f21a1bc-48b1-4423-860b-0efa5cfa7712}" ordinalvalue="20003">
                                <labels>
                                  <label description="Case Type" languagecode="1033" solutionaction="Modified" />
                                </labels>
                              </cell>
                            </row>
                            <row>
                              <cell auto="false" showlabel="true" locklevel="0" rowspan="1" colspan="1" id="{0653f522-18a7-41d4-a1ae-56164cb8b300}" ordinalvalue="10004">
                                <labels>
                                  <label description="Origin" languagecode="1033" solutionaction="Modified" />
                                </labels>
                              </cell>
                              <cell auto="false" showlabel="true" locklevel="0" rowspan="1" colspan="1" id="{504fce47-f175-41d7-a747-27a0c9963acc}" ordinalvalue="20005">
                                <labels>
                                  <label description="Satisfaction" languagecode="1033" solutionaction="Modified" />
                                </labels>
                              </cell>
                            </row>
                            <row>
                              <cell id="{e18c7258-3908-4be0-828a-6fd4e6a9b2ed}" locklevel="0" colspan="1" rowspan="1" ordinalvalue="10006" solutionaction="Added">
                                <labels>
                                  <label description="Severity" languagecode="1033" />
                                </labels>
                                <control id="krpk_krishpinky_severity" classid="{3EF39988-22BB-4F0B-BBBE-64B5A3748AEE}" datafieldname="krpk_krishpinky_severity" disabled="false" />
                              </cell>
                              <cell locklevel="0" id="{17069f66-0451-41ef-83bc-5fe8b2621832}" ordinalvalue="20007" solutionaction="Added">
                                <labels>
                                  <label description="" languagecode="1033" />
                                </labels>
                              </cell>
                            </row>
                          </rows>
                        </section>
                        <section name="assignment information" showlabel="true" showbar="true" id="{34d53885-5bbb-4711-a9ab-1b55928fd020}" IsUserDefined="0" ordinalvalue="1">
                          <rows>
                            <row>
                              <cell id="{dae3e345-a070-4428-be90-ab0a926ca354}" ordinalvalue="10000">
                                <labels>
                                  <label description="Owner" languagecode="1033" solutionaction="Modified" />
                                </labels>
                              </cell>
                              <cell id="{4a23dbed-e8cc-4a80-b63c-91e40968a6ec}" ordinalvalue="20001">
                                <labels>
                                  <label description="Status Reason" languagecode="1033" solutionaction="Modified" />
                                </labels>
                              </cell>
                            </row>
                            <row>
                              <cell auto="false" showlabel="true" locklevel="0" rowspan="1" colspan="1" id="{4e5d56cd-eb6a-4ec5-9ac2-499a90f87cf5}" ordinalvalue="10002">
                                <labels>
                                  <label description="Follow Up By" languagecode="1033" solutionaction="Modified" />
                                </labels>
                              </cell>
                              <cell auto="false" showlabel="true" locklevel="0" rowspan="1" colspan="1" id="{4887a827-87a9-47ac-8cff-84aa1336649d}" ordinalvalue="20003">
                                <labels>
                                  <label description="Priority" languagecode="1033" solutionaction="Modified" />
                                </labels>
                              </cell>
                            </row>
                          </rows>
                        </section>
                        <section name="contract and product information" showlabel="true" showbar="true" id="{af10583d-3e30-4e24-9e5d-d2a84638abe2}" IsUserDefined="0" locklevel="0" ordinalvalue="2">
                          <rows>
                            <row>
                              <cell id="{e0d2da00-1940-41ec-a875-80032bfd503a}" ordinalvalue="10000">
                                <labels>
                                  <label description="Contract" languagecode="1033" solutionaction="Modified" />
                                </labels>
                              </cell>
                              <cell auto="false" showlabel="true" locklevel="0" rowspan="1" id="{be75eccd-45f3-4b40-95a5-69551b1e453a}" ordinalvalue="20001">
                                <labels>
                                  <label description="Product" languagecode="1033" solutionaction="Modified" />
                                </labels>
                              </cell>
                            </row>
                            <row>
                              <cell id="{05ad2293-47dc-4119-a655-4a317a1a7838}" ordinalvalue="10002">
                                <labels>
                                  <label description="Contract Line" languagecode="1033" solutionaction="Modified" />
                                </labels>
                              </cell>
                              <cell auto="false" showlabel="true" locklevel="0" rowspan="1" id="{84b93c76-6856-4ab9-ad6a-173c86e9685e}" ordinalvalue="20003">
                                <labels>
                                  <label description="Serial Number" languagecode="1033" solutionaction="Modified" />
                                </labels>
                              </cell>
                            </row>
                            <row>
                              <cell auto="false" showlabel="true" locklevel="0" rowspan="1" colspan="1" id="{fe76512f-1e10-41e0-bf1b-abc9433d861c}" ordinalvalue="10004">
                                <labels>
                                  <label description="Service Level" languagecode="1033" solutionaction="Modified" />
                                </labels>
                              </cell>
                            </row>
                          </rows>
                        </section>
                      </sections>
                    </column>
                  </columns>
                </tab>
                <tab name="notesandkb" id="{ecec23bf-2417-4bdc-a019-0a6aca6c2500}" IsUserDefined="0" expanded="false" ordinalvalue="2" solutionaction="Modified">
                  <columns>
                    <column width="100%" id="0">
                      <sections>
                        <section name="kb article" labelwidth="160" showlabel="true" showbar="true" locklevel="1" id="{e7405683-b295-4b3f-8c52-6fdc8b736a9c}" IsUserDefined="0" ordinalvalue="1">
                          <rows>
                            <row>
                              <cell colspan="2" id="{5fe36484-a978-4069-b390-fe9400809aaa}" ordinalvalue="10000">
                                <labels>
                                  <label description="Knowledge Base Article" languagecode="1033" solutionaction="Modified" />
                                </labels>
                              </cell>
                            </row>
                          </rows>
                        </section>
                      </sections>
                    </column>
                  </columns>
                </tab>
                <tab name="tab_recordwall" id="{e94e6ac4-12db-bc8c-ec81-8b20c5987655}" IsUserDefined="0" locklevel="0" showlabel="true" expanded="false" labelid="{a9cefd50-5fa9-434a-b73f-637c896e0480}" ordinalvalue="0" solutionaction="Added">
                  <labels>
                    <label description="What's New" languagecode="1033" />
                  </labels>
                  <columns>
                    <column width="100%" id="0">
                      <sections>
                        <section name="tab_recordwall_section_1" showlabel="false" showbar="false" locklevel="0" id="{ac0addcc-a626-6c98-40ee-b11edac36204}" IsUserDefined="0" layout="varwidth" columns="1" labelwidth="115" celllabelalignment="Left" celllabelposition="Left" labelid="{2ac62343-d9be-43ba-b5ff-ede7328e9f47}" ordinalvalue="0">
                          <labels>
                            <label description="Section" languagecode="1033" />
                          </labels>
                          <rows>
                            <row>
                              <cell id="{be13b312-b6ac-83d7-34e1-e90dc1ecbec7}" showlabel="false" colspan="1" auto="false" rowspan="15" labelid="{74a5629c-8d49-4370-bc23-46e7b0900db4}" ordinalvalue="10000">
                                <labels>
                                  <label description="RecordWall" languagecode="1033" />
                                </labels>
                                <control id="WebResource_RecordWall" classid="{9FDF5F91-88B1-47f4-AD53-C11EFC01A01D}">
                                  <parameters>
                                    <Url>msdyn_/RecordWall.htm</Url>
                                    <PassParameters>true</PassParameters>
                                    <Security>false</Security>
                                    <Scrolling>auto</Scrolling>
                                    <Border>false</Border>
                                  </parameters>
                                </control>
                                <events>
                                  <event name="onload" application="0">
                                    <dependencies />
                                  </event>
                                </events>
                              </cell>
                            </row>
                            <row />
                            <row />
                            <row />
                            <row />
                            <row />
                            <row />
                            <row />
                            <row />
                            <row />
                            <row />
                            <row />
                            <row />
                            <row />
                            <row />
                            <row>
                              <cell id="{c390e0ff-7b59-4830-a323-66dd486fa5ce}" locklevel="0" colspan="1" rowspan="1" ordinalvalue="10001">
                                <labels>
                                  <label description="Severity" languagecode="1033" />
                                </labels>
                                <control id="severitycode" classid="{3EF39988-22BB-4F0B-BBBE-64B5A3748AEE}" datafieldname="severitycode" disabled="false" />
                              </cell>
                            </row>
                          </rows>
                        </section>
                      </sections>
                    </column>
                  </columns>
                  <events>
                    <event name="tabstatechange" application="false" active="false">
                      <Handlers>
                        <Handler functionName="ActivityFeeds.Form.CustomizationUtils.updateRecordWallRenderingState" libraryName="msdyn_/ActivityFeeds.Form.js" handlerUniqueId="{9beb6ce6-2666-8033-a406-3d68d44b9592}" enabled="true" parameters="" passExecutionContext="true" ordinalvalue="0" />
                      </Handlers>
                    </event>
                  </events>
                </tab>
              </tabs>
              <formLibraries solutionaction="Added">
                <Library name="msdyn_/ActivityFeeds.Form.js" libraryUniqueId="{4181da4c-6d13-ba3c-c859-be404e4ee2e3}" />
              </formLibraries>
              <header id="{19264367-f767-4c7c-b63d-2c53f4feccc1}" celllabelposition="Top" columns="111" labelwidth="115" celllabelalignment="Left" solutionaction="Added">
                <rows>
                  <row>
                    <cell id="{69b4823e-eb20-4059-bb80-c7d2d1255ff0}" showlabel="false" ordinalvalue="10000">
                      <labels>
                        <label description="" languagecode="1033" />
                      </labels>
                    </cell>
                    <cell id="{01bbce21-39e1-4425-ac6f-cb8b74f5d08e}" showlabel="false" ordinalvalue="20001">
                      <labels>
                        <label description="" languagecode="1033" />
                      </labels>
                    </cell>
                    <cell id="{000461b7-3a69-46d8-976c-ed0284450155}" showlabel="false" ordinalvalue="30002">
                      <labels>
                        <label description="" languagecode="1033" />
                      </labels>
                    </cell>
                  </row>
                </rows>
              </header>
              <footer id="{b472289a-b05f-4c89-beb7-0c448c369f41}" celllabelposition="Top" columns="111" labelwidth="115" celllabelalignment="Left" solutionaction="Added">
                <rows>
                  <row>
                    <cell id="{1e45de9d-477a-4e16-bf37-f01d153b4d26}" showlabel="false" ordinalvalue="10000">
                      <labels>
                        <label description="" languagecode="1033" />
                      </labels>
                    </cell>
                    <cell id="{402ddbda-b7d2-4507-a33c-d3c44582b1c1}" showlabel="false" ordinalvalue="20001">
                      <labels>
                        <label description="" languagecode="1033" />
                      </labels>
                    </cell>
                    <cell id="{768a4b0c-6976-4173-b35e-53f2915692a3}" showlabel="false" ordinalvalue="30002">
                      <labels>
                        <label description="" languagecode="1033" />
                      </labels>
                    </cell>
                  </row>
                </rows>
              </footer>
            </form>
            <LocalizedNames>
              <LocalizedName description="Information" languagecode="1033" />
            </LocalizedNames>
            <Descriptions>
              <Description description="A form for this entity." languagecode="1033" />
            </Descriptions>
          </systemform>
        </forms>
      </FormXml>
      <RibbonDiffXml>
        <CustomActions />
        <Templates>
          <RibbonTemplates Id="Mscrm.Templates"></RibbonTemplates>
        </Templates>
        <CommandDefinitions />
        <RuleDefinitions>
          <TabDisplayRules />
          <DisplayRules />
          <EnableRules />
        </RuleDefinitions>
        <LocLabels />
      </RibbonDiffXml>
    </Entity>
  </Entities>
  <Roles></Roles>
  <Workflows></Workflows>
  <FieldSecurityProfiles></FieldSecurityProfiles>
  <Templates />
  <EntityMaps />
  <EntityRelationships />
  <OrganizationSettings />
  <optionsets>
    <optionset Name="krpk_severity" localizedName="Severity">
      <OptionSetType>picklist</OptionSetType>
      <IsGlobal>1</IsGlobal>
      <IntroducedVersion>1.0.0.0</IntroducedVersion>
      <IsCustomizable>1</IsCustomizable>
      <ExternalTypeName></ExternalTypeName>
      <displaynames>
        <displayname description="Severity" languagecode="1033" />
      </displaynames>
      <Descriptions>
        <Description description="" languagecode="1033" />
      </Descriptions>
      <options>
        <option value="756820000" ExternalValue="" IsHidden="0">
          <labels>
            <label description="High" languagecode="1033" />
          </labels>
          <Descriptions>
            <Description description="" languagecode="1033" />
          </Descriptions>
        </option>
        <option value="756820001" ExternalValue="" IsHidden="0">
          <labels>
            <label description="Medium" languagecode="1033" />
          </labels>
          <Descriptions>
            <Description description="" languagecode="1033" />
          </Descriptions>
        </option>
        <option value="756820002" ExternalValue="" IsHidden="0">
          <labels>
            <label description="Low" languagecode="1033" />
          </labels>
          <Descriptions>
            <Description description="" languagecode="1033" />
          </Descriptions>
        </option>
      </options>
    </optionset>
  </optionsets>
  <CustomControls />
  <EntityDataProviders />
  <connectionreferences>
    <connectionreference connectionreferencelogicalname="krpk_sharedcommondataserviceforapps_5ee01">
      <connectionreferencedisplayname>Dataverse ConnRef</connectionreferencedisplayname>
      <connectorid>/providers/Microsoft.PowerApps/apis/shared_commondataserviceforapps</connectorid>
      <description>Dataverse ConnReference</description>
      <iscustomizable>1</iscustomizable>
      <promptingbehavior>0</promptingbehavior>
      <statecode>0</statecode>
      <statuscode>1</statuscode>
    </connectionreference>
  </connectionreferences>
  <Languages>
    <Language>1033</Language>
  </Languages>
</ImportExportXml>