<environmentvariabledefinition schemaname="krpk_apiBaseUrl">
  <defaultvalue>https://api.krishpinky.com</defaultvalue>
  <description default="API Base URL">
    <label description="API Base URL" languagecode="1033" />
  </description>
  <displayname default="ApiBaseUrl">
    <label description="ApiBaseUrl" languagecode="1033" />
  </displayname>
  <introducedversion>1.0.0.0</introducedversion>
  <iscustomizable>1</iscustomizable>
  <isrequired>0</isrequired>
  <secretstore>0</secretstore>
  <type>100000000</type>
</environmentvariabledefinition>